"","diseases","age2","Implement","level","cases","percent"
"1","HFMD","<1","No","policy1",499,6.93826473859844
"2","HFMD","1~5","No","policy1",6019,83.6902113459399
"3","HFMD","6~10","No","policy1",527,7.32758620689655
"4","HFMD","11~15","No","policy1",83,1.15406006674082
"5","HFMD","16~20","No","policy1",14,0.194660734149054
"6","HFMD","21~25","No","policy1",10,0.139043381535039
"7","HFMD","26~30","No","policy1",19,0.264182424916574
"8","HFMD","31~35","No","policy1",13,0.180756395995551
"9","HFMD","36~40","No","policy1",5,0.0695216907675195
"10","HFMD","46~50","No","policy1",1,0.0139043381535039
"11","HFMD","61~65","No","policy1",2,0.0278086763070078
"12","HFMD","<1","No","policy2",266,5.61063066863531
"13","HFMD","1~5","No","policy2",4138,87.2811643113267
"14","HFMD","6~10","No","policy2",282,5.94811221261337
"15","HFMD","11~15","No","policy2",28,0.590592701961611
"16","HFMD","16~20","No","policy2",5,0.105462982493145
"17","HFMD","21~25","No","policy2",1,0.021092596498629
"18","HFMD","26~30","No","policy2",6,0.126555578991774
"19","HFMD","31~35","No","policy2",6,0.126555578991774
"20","HFMD","36~40","No","policy2",4,0.0843703859945159
"21","HFMD","41~45","No","policy2",1,0.021092596498629
"22","HFMD","46~50","No","policy2",1,0.021092596498629
"23","HFMD","51~55","No","policy2",1,0.021092596498629
"24","HFMD","56~60","No","policy2",1,0.021092596498629
"25","HFMD","76~80","No","policy2",1,0.021092596498629
"26","HFMD","<1","No","policy3",34884,9.1802174262022
"27","HFMD","1~5","No","policy3",313886,82.6035353468898
"28","HFMD","6~10","No","policy3",25923,6.8220036790345
"29","HFMD","11~15","No","policy3",3061,0.805545394496185
"30","HFMD","16~20","No","policy3",303,0.0797387306541471
"31","HFMD","21~25","No","policy3",423,0.11131842596272
"32","HFMD","26~30","No","policy3",778,0.204741691250582
"33","HFMD","31~35","No","policy3",465,0.122371319320721
"34","HFMD","36~40","No","policy3",139,0.0365798137324305
"35","HFMD","41~45","No","policy3",35,0.00921074446500049
"36","HFMD","46~50","No","policy3",34,0.00894758033742904
"37","HFMD","51~55","No","policy3",26,0.0068422673168575
"38","HFMD","56~60","No","policy3",16,0.00421062604114308
"39","HFMD","61~65","No","policy3",6,0.00157898476542865
"40","HFMD","66~70","No","policy3",3,0.000789492382714327
"41","HFMD","71~75","No","policy3",4,0.00105265651028577
"42","HFMD","76~80","No","policy3",2,0.000526328255142885
"43","HFMD","81~85","No","policy3",2,0.000526328255142885
"44","HFMD","86+","No","policy3",1,0.000263164127571442
"45","HFMD","<1","Yes","policy1",38,13.2867132867133
"46","HFMD","1~5","Yes","policy1",206,72.027972027972
"47","HFMD","6~10","Yes","policy1",32,11.1888111888112
"48","HFMD","11~15","Yes","policy1",5,1.74825174825175
"49","HFMD","21~25","Yes","policy1",1,0.34965034965035
"50","HFMD","26~30","Yes","policy1",3,1.04895104895105
"51","HFMD","31~35","Yes","policy1",1,0.34965034965035
"52","HFMD","<1","Yes","policy2",25,25.2525252525253
"53","HFMD","1~5","Yes","policy2",58,58.5858585858586
"54","HFMD","6~10","Yes","policy2",10,10.1010101010101
"55","HFMD","11~15","Yes","policy2",4,4.04040404040404
"56","HFMD","26~30","Yes","policy2",1,1.01010101010101
"57","HFMD","46~50","Yes","policy2",1,1.01010101010101
"58","HFMD","<1","Yes","policy3",2453,9.39522769926079
"59","HFMD","1~5","Yes","policy3",22205,85.0473016967329
"60","HFMD","6~10","Yes","policy3",1114,4.26672794821709
"61","HFMD","11~15","Yes","policy3",155,0.593665019724999
"62","HFMD","16~20","Yes","policy3",15,0.0574514535217741
"63","HFMD","21~25","Yes","policy3",44,0.168524263663871
"64","HFMD","26~30","Yes","policy3",57,0.218315523382742
"65","HFMD","31~35","Yes","policy3",39,0.149373779156613
"66","HFMD","36~40","Yes","policy3",10,0.0383009690145161
"67","HFMD","41~45","Yes","policy3",3,0.0114902907043548
"68","HFMD","46~50","Yes","policy3",4,0.0153203876058064
"69","HFMD","51~55","Yes","policy3",5,0.019150484507258
"70","HFMD","56~60","Yes","policy3",1,0.00383009690145161
"71","HFMD","61~65","Yes","policy3",2,0.00766019380290321
"72","HFMD","66~70","Yes","policy3",1,0.00383009690145161
"73","HFMD","76~80","Yes","policy3",1,0.00383009690145161
"74","Others","<1","No","policy1",10467,17.2267939433838
"75","Others","1~5","No","policy1",34307,56.463133640553
"76","Others","6~10","No","policy1",1482,2.43910467412772
"77","Others","11~15","No","policy1",801,1.31830151415405
"78","Others","16~20","No","policy1",801,1.31830151415405
"79","Others","21~25","No","policy1",1008,1.65898617511521
"80","Others","26~30","No","policy1",1716,2.82422646477946
"81","Others","31~35","No","policy1",1314,2.16260697827518
"82","Others","36~40","No","policy1",868,1.42857142857143
"83","Others","41~45","No","policy1",865,1.42363396971692
"84","Others","46~50","No","policy1",1152,1.89598420013167
"85","Others","51~55","No","policy1",1491,2.45391705069124
"86","Others","56~60","No","policy1",1166,1.91902567478604
"87","Others","61~65","No","policy1",1125,1.85154707044108
"88","Others","66~70","No","policy1",771,1.26892692560895
"89","Others","71~75","No","policy1",504,0.829493087557604
"90","Others","76~80","No","policy1",404,0.664911125740619
"91","Others","81~85","No","policy1",298,0.490454246214615
"92","Others","86+","No","policy1",220,0.362080315997367
"93","Others","<1","No","policy2",4147,18.3317124922642
"94","Others","1~5","No","policy2",11374,50.2784899655203
"95","Others","6~10","No","policy2",736,3.2534700733799
"96","Others","11~15","No","policy2",491,2.17045354080099
"97","Others","16~20","No","policy2",468,2.06878260100787
"98","Others","21~25","No","policy2",470,2.07762355229423
"99","Others","26~30","No","policy2",739,3.26673150030943
"100","Others","31~35","No","policy2",563,2.48872778710989
"101","Others","36~40","No","policy2",395,1.74608787905579
"102","Others","41~45","No","policy2",343,1.51622314561047
"103","Others","46~50","No","policy2",428,1.8919635752807
"104","Others","51~55","No","policy2",587,2.59481920254619
"105","Others","56~60","No","policy2",426,1.88312262399434
"106","Others","61~65","No","policy2",457,2.0201573689329
"107","Others","66~70","No","policy2",334,1.47643886482185
"108","Others","71~75","No","policy2",237,1.04765272743347
"109","Others","76~80","No","policy2",185,0.817787993988153
"110","Others","81~85","No","policy2",141,0.623287065688268
"111","Others","86+","No","policy2",101,0.4464680399611
"112","Others","<1","No","policy3",30628,17.3662574773906
"113","Others","1~5","No","policy3",39196,22.2243642446064
"114","Others","6~10","No","policy3",5817,3.29827346695773
"115","Others","11~15","No","policy3",4284,2.42905338360786
"116","Others","16~20","No","policy3",6202,3.51657074816432
"117","Others","21~25","No","policy3",8984,5.09398123210388
"118","Others","26~30","No","policy3",11712,6.64077339608199
"119","Others","31~35","No","policy3",9197,5.21475349417401
"120","Others","36~40","No","policy3",6667,3.78022850338786
"121","Others","41~45","No","policy3",6350,3.60048762509568
"122","Others","46~50","No","policy3",7709,4.37104867745868
"123","Others","51~55","No","policy3",8407,4.7668188132566
"124","Others","56~60","No","policy3",6710,3.80460975817197
"125","Others","61~65","No","policy3",7445,4.22135911320273
"126","Others","66~70","No","policy3",5893,3.34136591727384
"127","Others","71~75","No","policy3",4108,2.32926034077056
"128","Others","76~80","No","policy3",2817,1.59725569132197
"129","Others","81~85","No","policy3",2624,1.48782354775607
"130","Others","86+","No","policy3",1615,0.915714569217248
"131","Others","<1","Yes","policy1",748,15.4641306594997
"132","Others","1~5","Yes","policy1",2014,41.6373785404176
"133","Others","6~10","Yes","policy1",166,3.43187926400662
"134","Others","11~15","Yes","policy1",80,1.65391771759355
"135","Others","16~20","Yes","policy1",77,1.59189580318379
"136","Others","21~25","Yes","policy1",114,2.35683274757081
"137","Others","26~30","Yes","policy1",171,3.53524912135621
"138","Others","31~35","Yes","policy1",164,3.39053132106678
"139","Others","36~40","Yes","policy1",134,2.7703121769692
"140","Others","41~45","Yes","policy1",115,2.37750671904073
"141","Others","46~50","Yes","policy1",131,2.70829026255944
"142","Others","51~55","Yes","policy1",175,3.61794500723589
"143","Others","56~60","Yes","policy1",149,3.08042174901799
"144","Others","61~65","Yes","policy1",172,3.55592309282613
"145","Others","66~70","Yes","policy1",146,3.01839983460823
"146","Others","71~75","Yes","policy1",107,2.21211494728137
"147","Others","76~80","Yes","policy1",72,1.48852594583419
"148","Others","81~85","Yes","policy1",54,1.11639445937565
"149","Others","86+","Yes","policy1",48,0.99235063055613
"150","Others","<1","Yes","policy2",347,17.3673673673674
"151","Others","1~5","Yes","policy2",649,32.4824824824825
"152","Others","6~10","Yes","policy2",130,6.50650650650651
"153","Others","11~15","Yes","policy2",42,2.1021021021021
"154","Others","16~20","Yes","policy2",29,1.45145145145145
"155","Others","21~25","Yes","policy2",90,4.5045045045045
"156","Others","26~30","Yes","policy2",75,3.75375375375375
"157","Others","31~35","Yes","policy2",64,3.2032032032032
"158","Others","36~40","Yes","policy2",44,2.2022022022022
"159","Others","41~45","Yes","policy2",47,2.35235235235235
"160","Others","46~50","Yes","policy2",62,3.1031031031031
"161","Others","51~55","Yes","policy2",76,3.8038038038038
"162","Others","56~60","Yes","policy2",71,3.55355355355355
"163","Others","61~65","Yes","policy2",62,3.1031031031031
"164","Others","66~70","Yes","policy2",69,3.45345345345345
"165","Others","71~75","Yes","policy2",49,2.45245245245245
"166","Others","76~80","Yes","policy2",40,2.002002002002
"167","Others","81~85","Yes","policy2",29,1.45145145145145
"168","Others","86+","Yes","policy2",23,1.15115115115115
"169","Others","<1","Yes","policy3",7357,13.9403126480341
"170","Others","1~5","Yes","policy3",10006,18.9597347228801
"171","Others","6~10","Yes","policy3",2052,3.8882046423496
"172","Others","11~15","Yes","policy3",1809,3.42775935575557
"173","Others","16~20","Yes","policy3",2395,4.53813358597821
"174","Others","21~25","Yes","policy3",3056,5.79062055897679
"175","Others","26~30","Yes","policy3",3447,6.531501657982
"176","Others","31~35","Yes","policy3",3082,5.83988630980578
"177","Others","36~40","Yes","policy3",2095,3.96968261487447
"178","Others","41~45","Yes","policy3",1906,3.61155850307911
"179","Others","46~50","Yes","policy3",2283,4.32591189009948
"180","Others","51~55","Yes","policy3",2550,4.83183325438181
"181","Others","56~60","Yes","policy3",2406,4.55897678825201
"182","Others","61~65","Yes","policy3",2273,4.30696352439602
"183","Others","66~70","Yes","policy3",2087,3.9545239223117
"184","Others","71~75","Yes","policy3",1589,3.01089531027949
"185","Others","76~80","Yes","policy3",985,1.86641402179062
"186","Others","81~85","Yes","policy3",828,1.56892468024633
"187","Others","86+","Yes","policy3",569,1.07816200852676
"188","Dysentery","<1","No","policy1",11,3.00546448087432
"189","Dysentery","1~5","No","policy1",78,21.3114754098361
"190","Dysentery","6~10","No","policy1",30,8.19672131147541
"191","Dysentery","11~15","No","policy1",21,5.73770491803279
"192","Dysentery","16~20","No","policy1",18,4.91803278688525
"193","Dysentery","21~25","No","policy1",21,5.73770491803279
"194","Dysentery","26~30","No","policy1",27,7.37704918032787
"195","Dysentery","31~35","No","policy1",21,5.73770491803279
"196","Dysentery","36~40","No","policy1",18,4.91803278688525
"197","Dysentery","41~45","No","policy1",8,2.18579234972678
"198","Dysentery","46~50","No","policy1",21,5.73770491803279
"199","Dysentery","51~55","No","policy1",21,5.73770491803279
"200","Dysentery","56~60","No","policy1",15,4.0983606557377
"201","Dysentery","61~65","No","policy1",19,5.19125683060109
"202","Dysentery","66~70","No","policy1",16,4.37158469945355
"203","Dysentery","71~75","No","policy1",4,1.09289617486339
"204","Dysentery","76~80","No","policy1",8,2.18579234972678
"205","Dysentery","81~85","No","policy1",4,1.09289617486339
"206","Dysentery","86+","No","policy1",5,1.36612021857923
"207","Dysentery","<1","No","policy2",8,4.81927710843374
"208","Dysentery","1~5","No","policy2",28,16.8674698795181
"209","Dysentery","6~10","No","policy2",10,6.02409638554217
"210","Dysentery","11~15","No","policy2",8,4.81927710843374
"211","Dysentery","16~20","No","policy2",10,6.02409638554217
"212","Dysentery","21~25","No","policy2",15,9.03614457831325
"213","Dysentery","26~30","No","policy2",11,6.62650602409639
"214","Dysentery","31~35","No","policy2",12,7.2289156626506
"215","Dysentery","36~40","No","policy2",5,3.01204819277108
"216","Dysentery","41~45","No","policy2",10,6.02409638554217
"217","Dysentery","46~50","No","policy2",8,4.81927710843374
"218","Dysentery","51~55","No","policy2",9,5.42168674698795
"219","Dysentery","56~60","No","policy2",5,3.01204819277108
"220","Dysentery","61~65","No","policy2",6,3.6144578313253
"221","Dysentery","66~70","No","policy2",10,6.02409638554217
"222","Dysentery","71~75","No","policy2",4,2.40963855421687
"223","Dysentery","76~80","No","policy2",2,1.20481927710843
"224","Dysentery","81~85","No","policy2",1,0.602409638554217
"225","Dysentery","86+","No","policy2",4,2.40963855421687
"226","Dysentery","<1","No","policy3",342,7.78511267926246
"227","Dysentery","1~5","No","policy3",759,17.2774869109948
"228","Dysentery","6~10","No","policy3",199,4.52993398588664
"229","Dysentery","11~15","No","policy3",125,2.84543592078306
"230","Dysentery","16~20","No","policy3",279,6.3510129751878
"231","Dysentery","21~25","No","policy3",439,9.99317095379012
"232","Dysentery","26~30","No","policy3",404,9.19644889597086
"233","Dysentery","31~35","No","policy3",305,6.94286364671068
"234","Dysentery","36~40","No","policy3",218,4.96244024584566
"235","Dysentery","41~45","No","policy3",186,4.2340086501252
"236","Dysentery","46~50","No","policy3",189,4.30229911222399
"237","Dysentery","51~55","No","policy3",220,5.00796722057819
"238","Dysentery","56~60","No","policy3",168,3.82426587753244
"239","Dysentery","61~65","No","policy3",187,4.25677213749146
"240","Dysentery","66~70","No","policy3",127,2.89096289551559
"241","Dysentery","71~75","No","policy3",89,2.02595037559754
"242","Dysentery","76~80","No","policy3",58,1.32028226724334
"243","Dysentery","81~85","No","policy3",56,1.27475529251081
"244","Dysentery","86+","No","policy3",43,0.978829956749374
"245","Dysentery","<1","Yes","policy1",1,1.63934426229508
"246","Dysentery","1~5","Yes","policy1",20,32.7868852459016
"247","Dysentery","6~10","Yes","policy1",5,8.19672131147541
"248","Dysentery","11~15","Yes","policy1",2,3.27868852459016
"249","Dysentery","16~20","Yes","policy1",1,1.63934426229508
"250","Dysentery","21~25","Yes","policy1",2,3.27868852459016
"251","Dysentery","26~30","Yes","policy1",3,4.91803278688525
"252","Dysentery","31~35","Yes","policy1",1,1.63934426229508
"253","Dysentery","36~40","Yes","policy1",2,3.27868852459016
"254","Dysentery","41~45","Yes","policy1",2,3.27868852459016
"255","Dysentery","46~50","Yes","policy1",5,8.19672131147541
"256","Dysentery","51~55","Yes","policy1",2,3.27868852459016
"257","Dysentery","61~65","Yes","policy1",6,9.83606557377049
"258","Dysentery","66~70","Yes","policy1",4,6.55737704918033
"259","Dysentery","71~75","Yes","policy1",3,4.91803278688525
"260","Dysentery","76~80","Yes","policy1",1,1.63934426229508
"261","Dysentery","81~85","Yes","policy1",1,1.63934426229508
"262","Dysentery","1~5","Yes","policy2",7,16.6666666666667
"263","Dysentery","6~10","Yes","policy2",8,19.047619047619
"264","Dysentery","11~15","Yes","policy2",2,4.76190476190476
"265","Dysentery","16~20","Yes","policy2",1,2.38095238095238
"266","Dysentery","21~25","Yes","policy2",2,4.76190476190476
"267","Dysentery","26~30","Yes","policy2",1,2.38095238095238
"268","Dysentery","31~35","Yes","policy2",2,4.76190476190476
"269","Dysentery","36~40","Yes","policy2",6,14.2857142857143
"270","Dysentery","41~45","Yes","policy2",3,7.14285714285714
"271","Dysentery","46~50","Yes","policy2",1,2.38095238095238
"272","Dysentery","51~55","Yes","policy2",2,4.76190476190476
"273","Dysentery","56~60","Yes","policy2",3,7.14285714285714
"274","Dysentery","61~65","Yes","policy2",2,4.76190476190476
"275","Dysentery","66~70","Yes","policy2",1,2.38095238095238
"276","Dysentery","71~75","Yes","policy2",1,2.38095238095238
"277","Dysentery","<1","Yes","policy3",81,7.35694822888283
"278","Dysentery","1~5","Yes","policy3",239,21.7075386012716
"279","Dysentery","6~10","Yes","policy3",88,7.99273387829246
"280","Dysentery","11~15","Yes","policy3",31,2.81562216167121
"281","Dysentery","16~20","Yes","policy3",63,5.72207084468665
"282","Dysentery","21~25","Yes","policy3",115,10.4450499545867
"283","Dysentery","26~30","Yes","policy3",100,9.08265213442325
"284","Dysentery","31~35","Yes","policy3",68,6.17620345140781
"285","Dysentery","36~40","Yes","policy3",45,4.08719346049046
"286","Dysentery","41~45","Yes","policy3",35,3.17892824704814
"287","Dysentery","46~50","Yes","policy3",37,3.3605812897366
"288","Dysentery","51~55","Yes","policy3",39,3.54223433242507
"289","Dysentery","56~60","Yes","policy3",41,3.72388737511353
"290","Dysentery","61~65","Yes","policy3",33,2.99727520435967
"291","Dysentery","66~70","Yes","policy3",37,3.3605812897366
"292","Dysentery","71~75","Yes","policy3",19,1.72570390554042
"293","Dysentery","76~80","Yes","policy3",13,1.18074477747502
"294","Dysentery","81~85","Yes","policy3",8,0.72661217075386
"295","Dysentery","86+","Yes","policy3",9,0.817438692098093
"296","Hepatitis e","1~5","No","policy1",2,0.291970802919708
"297","Hepatitis e","11~15","No","policy1",1,0.145985401459854
"298","Hepatitis e","16~20","No","policy1",5,0.72992700729927
"299","Hepatitis e","21~25","No","policy1",18,2.62773722627737
"300","Hepatitis e","26~30","No","policy1",40,5.83941605839416
"301","Hepatitis e","31~35","No","policy1",47,6.86131386861314
"302","Hepatitis e","36~40","No","policy1",38,5.54744525547445
"303","Hepatitis e","41~45","No","policy1",55,8.02919708029197
"304","Hepatitis e","46~50","No","policy1",91,13.2846715328467
"305","Hepatitis e","51~55","No","policy1",112,16.3503649635037
"306","Hepatitis e","56~60","No","policy1",69,10.0729927007299
"307","Hepatitis e","61~65","No","policy1",81,11.8248175182482
"308","Hepatitis e","66~70","No","policy1",50,7.2992700729927
"309","Hepatitis e","71~75","No","policy1",27,3.94160583941606
"310","Hepatitis e","76~80","No","policy1",31,4.52554744525547
"311","Hepatitis e","81~85","No","policy1",11,1.60583941605839
"312","Hepatitis e","86+","No","policy1",7,1.02189781021898
"313","Hepatitis e","<1","No","policy2",1,0.261780104712042
"314","Hepatitis e","11~15","No","policy2",1,0.261780104712042
"315","Hepatitis e","16~20","No","policy2",6,1.57068062827225
"316","Hepatitis e","21~25","No","policy2",15,3.92670157068063
"317","Hepatitis e","26~30","No","policy2",17,4.45026178010471
"318","Hepatitis e","31~35","No","policy2",32,8.37696335078534
"319","Hepatitis e","36~40","No","policy2",27,7.06806282722513
"320","Hepatitis e","41~45","No","policy2",35,9.16230366492147
"321","Hepatitis e","46~50","No","policy2",53,13.8743455497382
"322","Hepatitis e","51~55","No","policy2",37,9.68586387434555
"323","Hepatitis e","56~60","No","policy2",37,9.68586387434555
"324","Hepatitis e","61~65","No","policy2",41,10.7329842931937
"325","Hepatitis e","66~70","No","policy2",25,6.54450261780105
"326","Hepatitis e","71~75","No","policy2",27,7.06806282722513
"327","Hepatitis e","76~80","No","policy2",14,3.66492146596859
"328","Hepatitis e","81~85","No","policy2",7,1.83246073298429
"329","Hepatitis e","86+","No","policy2",7,1.83246073298429
"330","Hepatitis e","<1","No","policy3",1,0.0300661455201443
"331","Hepatitis e","6~10","No","policy3",2,0.0601322910402886
"332","Hepatitis e","11~15","No","policy3",7,0.21046301864101
"333","Hepatitis e","16~20","No","policy3",46,1.38304269392664
"334","Hepatitis e","21~25","No","policy3",102,3.06674684305472
"335","Hepatitis e","26~30","No","policy3",220,6.61455201443175
"336","Hepatitis e","31~35","No","policy3",245,7.36620565243536
"337","Hepatitis e","36~40","No","policy3",265,7.96752856283824
"338","Hepatitis e","41~45","No","policy3",316,9.5009019843656
"339","Hepatitis e","46~50","No","policy3",463,13.9206253758268
"340","Hepatitis e","51~55","No","policy3",436,13.1088394467829
"341","Hepatitis e","56~60","No","policy3",318,9.56103427540589
"342","Hepatitis e","61~65","No","policy3",317,9.53096812988575
"343","Hepatitis e","66~70","No","policy3",225,6.76488274203247
"344","Hepatitis e","71~75","No","policy3",156,4.69031870114251
"345","Hepatitis e","76~80","No","policy3",83,2.49549007817198
"346","Hepatitis e","81~85","No","policy3",77,2.31509320505111
"347","Hepatitis e","86+","No","policy3",47,1.41310883944678
"348","Hepatitis e","11~15","Yes","policy1",1,0.961538461538462
"349","Hepatitis e","26~30","Yes","policy1",4,3.84615384615385
"350","Hepatitis e","31~35","Yes","policy1",9,8.65384615384615
"351","Hepatitis e","36~40","Yes","policy1",10,9.61538461538462
"352","Hepatitis e","41~45","Yes","policy1",7,6.73076923076923
"353","Hepatitis e","46~50","Yes","policy1",14,13.4615384615385
"354","Hepatitis e","51~55","Yes","policy1",12,11.5384615384615
"355","Hepatitis e","56~60","Yes","policy1",10,9.61538461538462
"356","Hepatitis e","61~65","Yes","policy1",17,16.3461538461538
"357","Hepatitis e","66~70","Yes","policy1",6,5.76923076923077
"358","Hepatitis e","71~75","Yes","policy1",6,5.76923076923077
"359","Hepatitis e","76~80","Yes","policy1",5,4.80769230769231
"360","Hepatitis e","81~85","Yes","policy1",2,1.92307692307692
"361","Hepatitis e","86+","Yes","policy1",1,0.961538461538462
"362","Hepatitis e","21~25","Yes","policy2",1,1.88679245283019
"363","Hepatitis e","26~30","Yes","policy2",4,7.54716981132075
"364","Hepatitis e","31~35","Yes","policy2",7,13.2075471698113
"365","Hepatitis e","36~40","Yes","policy2",4,7.54716981132075
"366","Hepatitis e","41~45","Yes","policy2",3,5.66037735849057
"367","Hepatitis e","46~50","Yes","policy2",7,13.2075471698113
"368","Hepatitis e","51~55","Yes","policy2",3,5.66037735849057
"369","Hepatitis e","56~60","Yes","policy2",7,13.2075471698113
"370","Hepatitis e","61~65","Yes","policy2",5,9.43396226415094
"371","Hepatitis e","66~70","Yes","policy2",3,5.66037735849057
"372","Hepatitis e","71~75","Yes","policy2",2,3.77358490566038
"373","Hepatitis e","76~80","Yes","policy2",4,7.54716981132075
"374","Hepatitis e","81~85","Yes","policy2",1,1.88679245283019
"375","Hepatitis e","86+","Yes","policy2",2,3.77358490566038
"376","Hepatitis e","<1","Yes","policy3",1,0.131578947368421
"377","Hepatitis e","1~5","Yes","policy3",1,0.131578947368421
"378","Hepatitis e","6~10","Yes","policy3",3,0.394736842105263
"379","Hepatitis e","11~15","Yes","policy3",3,0.394736842105263
"380","Hepatitis e","16~20","Yes","policy3",15,1.97368421052632
"381","Hepatitis e","21~25","Yes","policy3",25,3.28947368421053
"382","Hepatitis e","26~30","Yes","policy3",39,5.13157894736842
"383","Hepatitis e","31~35","Yes","policy3",64,8.42105263157895
"384","Hepatitis e","36~40","Yes","policy3",54,7.10526315789474
"385","Hepatitis e","41~45","Yes","policy3",89,11.7105263157895
"386","Hepatitis e","46~50","Yes","policy3",88,11.5789473684211
"387","Hepatitis e","51~55","Yes","policy3",102,13.4210526315789
"388","Hepatitis e","56~60","Yes","policy3",85,11.1842105263158
"389","Hepatitis e","61~65","Yes","policy3",59,7.76315789473684
"390","Hepatitis e","66~70","Yes","policy3",56,7.36842105263158
"391","Hepatitis e","71~75","Yes","policy3",42,5.52631578947368
"392","Hepatitis e","76~80","Yes","policy3",14,1.84210526315789
"393","Hepatitis e","81~85","Yes","policy3",13,1.71052631578947
"394","Hepatitis e","86+","Yes","policy3",7,0.921052631578947
"395","AHC","1~5","No","policy1",13,6.07476635514019
"396","AHC","6~10","No","policy1",7,3.27102803738318
"397","AHC","11~15","No","policy1",3,1.4018691588785
"398","AHC","16~20","No","policy1",11,5.14018691588785
"399","AHC","21~25","No","policy1",9,4.20560747663551
"400","AHC","26~30","No","policy1",22,10.2803738317757
"401","AHC","31~35","No","policy1",33,15.4205607476636
"402","AHC","36~40","No","policy1",21,9.81308411214953
"403","AHC","41~45","No","policy1",15,7.00934579439252
"404","AHC","46~50","No","policy1",13,6.07476635514019
"405","AHC","51~55","No","policy1",15,7.00934579439252
"406","AHC","56~60","No","policy1",12,5.60747663551402
"407","AHC","61~65","No","policy1",14,6.54205607476635
"408","AHC","66~70","No","policy1",11,5.14018691588785
"409","AHC","71~75","No","policy1",7,3.27102803738318
"410","AHC","76~80","No","policy1",6,2.80373831775701
"411","AHC","81~85","No","policy1",2,0.934579439252336
"412","AHC","1~5","No","policy2",10,10.1010101010101
"413","AHC","6~10","No","policy2",6,6.06060606060606
"414","AHC","11~15","No","policy2",2,2.02020202020202
"415","AHC","16~20","No","policy2",4,4.04040404040404
"416","AHC","21~25","No","policy2",9,9.09090909090909
"417","AHC","26~30","No","policy2",14,14.1414141414141
"418","AHC","31~35","No","policy2",9,9.09090909090909
"419","AHC","36~40","No","policy2",10,10.1010101010101
"420","AHC","41~45","No","policy2",5,5.05050505050505
"421","AHC","46~50","No","policy2",4,4.04040404040404
"422","AHC","51~55","No","policy2",10,10.1010101010101
"423","AHC","56~60","No","policy2",5,5.05050505050505
"424","AHC","61~65","No","policy2",4,4.04040404040404
"425","AHC","66~70","No","policy2",3,3.03030303030303
"426","AHC","71~75","No","policy2",2,2.02020202020202
"427","AHC","76~80","No","policy2",2,2.02020202020202
"428","AHC","<1","No","policy3",7,0.408639813193228
"429","AHC","1~5","No","policy3",132,7.70577933450088
"430","AHC","6~10","No","policy3",112,6.53823701109165
"431","AHC","11~15","No","policy3",71,4.14477524810274
"432","AHC","16~20","No","policy3",71,4.14477524810274
"433","AHC","21~25","No","policy3",108,6.30472854640981
"434","AHC","26~30","No","policy3",195,11.3835376532399
"435","AHC","31~35","No","policy3",207,12.0840630472855
"436","AHC","36~40","No","policy3",135,7.88091068301226
"437","AHC","41~45","No","policy3",105,6.12959719789842
"438","AHC","46~50","No","policy3",114,6.65499124343257
"439","AHC","51~55","No","policy3",111,6.47985989492119
"440","AHC","56~60","No","policy3",83,4.84530064214828
"441","AHC","61~65","No","policy3",83,4.84530064214828
"442","AHC","66~70","No","policy3",71,4.14477524810274
"443","AHC","71~75","No","policy3",36,2.1015761821366
"444","AHC","76~80","No","policy3",34,1.98482194979568
"445","AHC","81~85","No","policy3",30,1.75131348511384
"446","AHC","86+","No","policy3",8,0.467016929363689
"447","AHC","<1","Yes","policy1",1,1.04166666666667
"448","AHC","1~5","Yes","policy1",3,3.125
"449","AHC","6~10","Yes","policy1",3,3.125
"450","AHC","16~20","Yes","policy1",1,1.04166666666667
"451","AHC","21~25","Yes","policy1",3,3.125
"452","AHC","26~30","Yes","policy1",3,3.125
"453","AHC","31~35","Yes","policy1",12,12.5
"454","AHC","36~40","Yes","policy1",10,10.4166666666667
"455","AHC","41~45","Yes","policy1",5,5.20833333333333
"456","AHC","46~50","Yes","policy1",9,9.375
"457","AHC","51~55","Yes","policy1",13,13.5416666666667
"458","AHC","56~60","Yes","policy1",10,10.4166666666667
"459","AHC","61~65","Yes","policy1",5,5.20833333333333
"460","AHC","66~70","Yes","policy1",10,10.4166666666667
"461","AHC","71~75","Yes","policy1",4,4.16666666666667
"462","AHC","76~80","Yes","policy1",2,2.08333333333333
"463","AHC","81~85","Yes","policy1",2,2.08333333333333
"464","AHC","6~10","Yes","policy2",1,6.66666666666667
"465","AHC","26~30","Yes","policy2",2,13.3333333333333
"466","AHC","41~45","Yes","policy2",3,20
"467","AHC","46~50","Yes","policy2",1,6.66666666666667
"468","AHC","51~55","Yes","policy2",2,13.3333333333333
"469","AHC","56~60","Yes","policy2",3,20
"470","AHC","66~70","Yes","policy2",1,6.66666666666667
"471","AHC","71~75","Yes","policy2",1,6.66666666666667
"472","AHC","76~80","Yes","policy2",1,6.66666666666667
"473","AHC","1~5","Yes","policy3",11,3.64238410596026
"474","AHC","6~10","Yes","policy3",6,1.98675496688742
"475","AHC","11~15","Yes","policy3",7,2.31788079470199
"476","AHC","16~20","Yes","policy3",6,1.98675496688742
"477","AHC","21~25","Yes","policy3",30,9.93377483443709
"478","AHC","26~30","Yes","policy3",22,7.28476821192053
"479","AHC","31~35","Yes","policy3",27,8.94039735099338
"480","AHC","36~40","Yes","policy3",28,9.27152317880795
"481","AHC","41~45","Yes","policy3",19,6.29139072847682
"482","AHC","46~50","Yes","policy3",18,5.96026490066225
"483","AHC","51~55","Yes","policy3",22,7.28476821192053
"484","AHC","56~60","Yes","policy3",25,8.27814569536424
"485","AHC","61~65","Yes","policy3",23,7.6158940397351
"486","AHC","66~70","Yes","policy3",21,6.95364238410596
"487","AHC","71~75","Yes","policy3",17,5.62913907284768
"488","AHC","76~80","Yes","policy3",11,3.64238410596026
"489","AHC","81~85","Yes","policy3",5,1.65562913907285
"490","AHC","86+","Yes","policy3",4,1.32450331125828
"491","Typhoid","<1","No","policy1",1,1.78571428571429
"492","Typhoid","1~5","No","policy1",1,1.78571428571429
"493","Typhoid","6~10","No","policy1",2,3.57142857142857
"494","Typhoid","21~25","No","policy1",5,8.92857142857143
"495","Typhoid","26~30","No","policy1",12,21.4285714285714
"496","Typhoid","31~35","No","policy1",5,8.92857142857143
"497","Typhoid","36~40","No","policy1",5,8.92857142857143
"498","Typhoid","41~45","No","policy1",2,3.57142857142857
"499","Typhoid","46~50","No","policy1",4,7.14285714285714
"500","Typhoid","51~55","No","policy1",6,10.7142857142857
"501","Typhoid","56~60","No","policy1",2,3.57142857142857
"502","Typhoid","61~65","No","policy1",3,5.35714285714286
"503","Typhoid","66~70","No","policy1",3,5.35714285714286
"504","Typhoid","71~75","No","policy1",2,3.57142857142857
"505","Typhoid","76~80","No","policy1",2,3.57142857142857
"506","Typhoid","81~85","No","policy1",1,1.78571428571429
"507","Typhoid","1~5","No","policy2",1,2.85714285714286
"508","Typhoid","16~20","No","policy2",2,5.71428571428571
"509","Typhoid","21~25","No","policy2",2,5.71428571428571
"510","Typhoid","26~30","No","policy2",4,11.4285714285714
"511","Typhoid","31~35","No","policy2",3,8.57142857142857
"512","Typhoid","36~40","No","policy2",4,11.4285714285714
"513","Typhoid","41~45","No","policy2",3,8.57142857142857
"514","Typhoid","46~50","No","policy2",4,11.4285714285714
"515","Typhoid","51~55","No","policy2",3,8.57142857142857
"516","Typhoid","61~65","No","policy2",3,8.57142857142857
"517","Typhoid","66~70","No","policy2",3,8.57142857142857
"518","Typhoid","71~75","No","policy2",1,2.85714285714286
"519","Typhoid","81~85","No","policy2",1,2.85714285714286
"520","Typhoid","86+","No","policy2",1,2.85714285714286
"521","Typhoid","<1","No","policy3",9,2.04081632653061
"522","Typhoid","1~5","No","policy3",36,8.16326530612245
"523","Typhoid","6~10","No","policy3",8,1.8140589569161
"524","Typhoid","11~15","No","policy3",7,1.58730158730159
"525","Typhoid","16~20","No","policy3",19,4.30839002267574
"526","Typhoid","21~25","No","policy3",41,9.29705215419501
"527","Typhoid","26~30","No","policy3",38,8.61678004535147
"528","Typhoid","31~35","No","policy3",34,7.70975056689342
"529","Typhoid","36~40","No","policy3",31,7.02947845804989
"530","Typhoid","41~45","No","policy3",23,5.21541950113379
"531","Typhoid","46~50","No","policy3",27,6.12244897959184
"532","Typhoid","51~55","No","policy3",40,9.0702947845805
"533","Typhoid","56~60","No","policy3",24,5.4421768707483
"534","Typhoid","61~65","No","policy3",24,5.4421768707483
"535","Typhoid","66~70","No","policy3",24,5.4421768707483
"536","Typhoid","71~75","No","policy3",19,4.30839002267574
"537","Typhoid","76~80","No","policy3",20,4.53514739229025
"538","Typhoid","81~85","No","policy3",10,2.26757369614512
"539","Typhoid","86+","No","policy3",7,1.58730158730159
"540","Typhoid","16~20","Yes","policy1",2,33.3333333333333
"541","Typhoid","31~35","Yes","policy1",1,16.6666666666667
"542","Typhoid","61~65","Yes","policy1",1,16.6666666666667
"543","Typhoid","66~70","Yes","policy1",2,33.3333333333333
"544","Typhoid","36~40","Yes","policy2",1,50
"545","Typhoid","61~65","Yes","policy2",1,50
"546","Typhoid","<1","Yes","policy3",2,3.03030303030303
"547","Typhoid","1~5","Yes","policy3",3,4.54545454545455
"548","Typhoid","6~10","Yes","policy3",1,1.51515151515152
"549","Typhoid","11~15","Yes","policy3",3,4.54545454545455
"550","Typhoid","16~20","Yes","policy3",2,3.03030303030303
"551","Typhoid","21~25","Yes","policy3",2,3.03030303030303
"552","Typhoid","26~30","Yes","policy3",2,3.03030303030303
"553","Typhoid","31~35","Yes","policy3",6,9.09090909090909
"554","Typhoid","36~40","Yes","policy3",4,6.06060606060606
"555","Typhoid","41~45","Yes","policy3",5,7.57575757575758
"556","Typhoid","46~50","Yes","policy3",5,7.57575757575758
"557","Typhoid","51~55","Yes","policy3",4,6.06060606060606
"558","Typhoid","56~60","Yes","policy3",7,10.6060606060606
"559","Typhoid","61~65","Yes","policy3",3,4.54545454545455
"560","Typhoid","66~70","Yes","policy3",4,6.06060606060606
"561","Typhoid","71~75","Yes","policy3",6,9.09090909090909
"562","Typhoid","76~80","Yes","policy3",2,3.03030303030303
"563","Typhoid","81~85","Yes","policy3",4,6.06060606060606
"564","Typhoid","86+","Yes","policy3",1,1.51515151515152
"565","Paratyphoid","1~5","No","policy1",2,40
"566","Paratyphoid","6~10","No","policy1",1,20
"567","Paratyphoid","41~45","No","policy1",1,20
"568","Paratyphoid","81~85","No","policy1",1,20
"569","Paratyphoid","1~5","No","policy2",2,50
"570","Paratyphoid","31~35","No","policy2",1,25
"571","Paratyphoid","66~70","No","policy2",1,25
"572","Paratyphoid","<1","No","policy3",33,17.8378378378378
"573","Paratyphoid","1~5","No","policy3",46,24.8648648648649
"574","Paratyphoid","6~10","No","policy3",1,0.540540540540541
"575","Paratyphoid","11~15","No","policy3",3,1.62162162162162
"576","Paratyphoid","16~20","No","policy3",2,1.08108108108108
"577","Paratyphoid","21~25","No","policy3",6,3.24324324324324
"578","Paratyphoid","26~30","No","policy3",12,6.48648648648649
"579","Paratyphoid","31~35","No","policy3",8,4.32432432432432
"580","Paratyphoid","36~40","No","policy3",5,2.7027027027027
"581","Paratyphoid","41~45","No","policy3",5,2.7027027027027
"582","Paratyphoid","46~50","No","policy3",8,4.32432432432432
"583","Paratyphoid","51~55","No","policy3",8,4.32432432432432
"584","Paratyphoid","56~60","No","policy3",9,4.86486486486486
"585","Paratyphoid","61~65","No","policy3",11,5.94594594594595
"586","Paratyphoid","66~70","No","policy3",8,4.32432432432432
"587","Paratyphoid","71~75","No","policy3",6,3.24324324324324
"588","Paratyphoid","76~80","No","policy3",3,1.62162162162162
"589","Paratyphoid","81~85","No","policy3",5,2.7027027027027
"590","Paratyphoid","86+","No","policy3",6,3.24324324324324
"591","Paratyphoid","71~75","Yes","policy1",1,100
"592","Paratyphoid","56~60","Yes","policy2",1,100
"593","Paratyphoid","<1","Yes","policy3",7,21.2121212121212
"594","Paratyphoid","1~5","Yes","policy3",9,27.2727272727273
"595","Paratyphoid","16~20","Yes","policy3",1,3.03030303030303
"596","Paratyphoid","21~25","Yes","policy3",1,3.03030303030303
"597","Paratyphoid","26~30","Yes","policy3",1,3.03030303030303
"598","Paratyphoid","31~35","Yes","policy3",1,3.03030303030303
"599","Paratyphoid","41~45","Yes","policy3",1,3.03030303030303
"600","Paratyphoid","46~50","Yes","policy3",4,12.1212121212121
"601","Paratyphoid","51~55","Yes","policy3",2,6.06060606060606
"602","Paratyphoid","56~60","Yes","policy3",1,3.03030303030303
"603","Paratyphoid","61~65","Yes","policy3",3,9.09090909090909
"604","Paratyphoid","71~75","Yes","policy3",2,6.06060606060606
"605","Cholera","21~25","No","policy3",1,11.1111111111111
"606","Cholera","26~30","No","policy3",2,22.2222222222222
"607","Cholera","41~45","No","policy3",2,22.2222222222222
"608","Cholera","56~60","No","policy3",1,11.1111111111111
"609","Cholera","61~65","No","policy3",1,11.1111111111111
"610","Cholera","71~75","No","policy3",1,11.1111111111111
"611","Cholera","76~80","No","policy3",1,11.1111111111111
"612","Cholera","26~30","Yes","policy3",2,100
"613","Dengue","1~5","No","policy1",1,4
"614","Dengue","11~15","No","policy1",2,8
"615","Dengue","21~25","No","policy1",3,12
"616","Dengue","26~30","No","policy1",4,16
"617","Dengue","31~35","No","policy1",3,12
"618","Dengue","36~40","No","policy1",5,20
"619","Dengue","41~45","No","policy1",4,16
"620","Dengue","51~55","No","policy1",1,4
"621","Dengue","56~60","No","policy1",1,4
"622","Dengue","61~65","No","policy1",1,4
"623","Dengue","31~35","No","policy2",1,50
"624","Dengue","41~45","No","policy2",1,50
"625","Dengue","<1","No","policy3",1,0.0443066016836509
"626","Dengue","1~5","No","policy3",9,0.398759415152858
"627","Dengue","6~10","No","policy3",15,0.664599025254763
"628","Dengue","11~15","No","policy3",22,0.974745237040319
"629","Dengue","16~20","No","policy3",54,2.39255649091715
"630","Dengue","21~25","No","policy3",148,6.55737704918033
"631","Dengue","26~30","No","policy3",235,10.412051395658
"632","Dengue","31~35","No","policy3",242,10.7221976074435
"633","Dengue","36~40","No","policy3",189,8.37394771821001
"634","Dengue","41~45","No","policy3",208,9.21577315019938
"635","Dengue","46~50","No","policy3",236,10.4563579973416
"636","Dengue","51~55","No","policy3",213,9.43730615861763
"637","Dengue","56~60","No","policy3",175,7.7536552946389
"638","Dengue","61~65","No","policy3",193,8.55117412494462
"639","Dengue","66~70","No","policy3",151,6.69029685423128
"640","Dengue","71~75","No","policy3",65,2.87992910943731
"641","Dengue","76~80","No","policy3",47,2.08241027913159
"642","Dengue","81~85","No","policy3",38,1.68365086397873
"643","Dengue","86+","No","policy3",16,0.708905626938414
"644","Dengue","11~15","Yes","policy1",1,20
"645","Dengue","26~30","Yes","policy1",3,60
"646","Dengue","51~55","Yes","policy1",1,20
"647","Dengue","26~30","Yes","policy3",2,66.6666666666667
"648","Dengue","31~35","Yes","policy3",1,33.3333333333333
"649","Scrub typhus","21~25","No","policy1",1,50
"650","Scrub typhus","81~85","No","policy1",1,50
"651","Scrub typhus","<1","No","policy3",3,0.339366515837104
"652","Scrub typhus","1~5","No","policy3",10,1.13122171945701
"653","Scrub typhus","6~10","No","policy3",11,1.24434389140271
"654","Scrub typhus","11~15","No","policy3",2,0.226244343891403
"655","Scrub typhus","16~20","No","policy3",3,0.339366515837104
"656","Scrub typhus","21~25","No","policy3",15,1.69683257918552
"657","Scrub typhus","26~30","No","policy3",21,2.37556561085973
"658","Scrub typhus","31~35","No","policy3",17,1.92307692307692
"659","Scrub typhus","36~40","No","policy3",39,4.41176470588235
"660","Scrub typhus","41~45","No","policy3",56,6.33484162895928
"661","Scrub typhus","46~50","No","policy3",96,10.8597285067873
"662","Scrub typhus","51~55","No","policy3",116,13.1221719457014
"663","Scrub typhus","56~60","No","policy3",103,11.6515837104072
"664","Scrub typhus","61~65","No","policy3",144,16.289592760181
"665","Scrub typhus","66~70","No","policy3",106,11.9909502262443
"666","Scrub typhus","71~75","No","policy3",73,8.2579185520362
"667","Scrub typhus","76~80","No","policy3",45,5.09049773755656
"668","Scrub typhus","81~85","No","policy3",18,2.03619909502262
"669","Scrub typhus","86+","No","policy3",6,0.678733031674208
"670","Scrub typhus","41~45","Yes","policy1",1,25
"671","Scrub typhus","51~55","Yes","policy1",1,25
"672","Scrub typhus","56~60","Yes","policy1",1,25
"673","Scrub typhus","71~75","Yes","policy1",1,25
"674","Scrub typhus","16~20","Yes","policy2",1,50
"675","Scrub typhus","66~70","Yes","policy2",1,50
"676","Scrub typhus","1~5","Yes","policy3",4,1.31147540983607
"677","Scrub typhus","6~10","Yes","policy3",5,1.63934426229508
"678","Scrub typhus","11~15","Yes","policy3",3,0.983606557377049
"679","Scrub typhus","16~20","Yes","policy3",1,0.327868852459016
"680","Scrub typhus","21~25","Yes","policy3",2,0.655737704918033
"681","Scrub typhus","26~30","Yes","policy3",6,1.9672131147541
"682","Scrub typhus","31~35","Yes","policy3",7,2.29508196721311
"683","Scrub typhus","36~40","Yes","policy3",7,2.29508196721311
"684","Scrub typhus","41~45","Yes","policy3",18,5.9016393442623
"685","Scrub typhus","46~50","Yes","policy3",20,6.55737704918033
"686","Scrub typhus","51~55","Yes","policy3",37,12.1311475409836
"687","Scrub typhus","56~60","Yes","policy3",50,16.3934426229508
"688","Scrub typhus","61~65","Yes","policy3",47,15.4098360655738
"689","Scrub typhus","66~70","Yes","policy3",45,14.7540983606557
"690","Scrub typhus","71~75","Yes","policy3",28,9.18032786885246
"691","Scrub typhus","76~80","Yes","policy3",12,3.9344262295082
"692","Scrub typhus","81~85","Yes","policy3",9,2.95081967213115
"693","Scrub typhus","86+","Yes","policy3",4,1.31147540983607
"694","Haemorrhagic fever","21~25","No","policy1",5,4.95049504950495
"695","Haemorrhagic fever","26~30","No","policy1",5,4.95049504950495
"696","Haemorrhagic fever","31~35","No","policy1",8,7.92079207920792
"697","Haemorrhagic fever","36~40","No","policy1",5,4.95049504950495
"698","Haemorrhagic fever","41~45","No","policy1",16,15.8415841584158
"699","Haemorrhagic fever","46~50","No","policy1",15,14.8514851485149
"700","Haemorrhagic fever","51~55","No","policy1",13,12.8712871287129
"701","Haemorrhagic fever","56~60","No","policy1",12,11.8811881188119
"702","Haemorrhagic fever","61~65","No","policy1",7,6.93069306930693
"703","Haemorrhagic fever","66~70","No","policy1",8,7.92079207920792
"704","Haemorrhagic fever","71~75","No","policy1",4,3.96039603960396
"705","Haemorrhagic fever","76~80","No","policy1",3,2.97029702970297
"706","Haemorrhagic fever","16~20","No","policy2",1,2.38095238095238
"707","Haemorrhagic fever","21~25","No","policy2",1,2.38095238095238
"708","Haemorrhagic fever","26~30","No","policy2",4,9.52380952380952
"709","Haemorrhagic fever","31~35","No","policy2",4,9.52380952380952
"710","Haemorrhagic fever","36~40","No","policy2",3,7.14285714285714
"711","Haemorrhagic fever","41~45","No","policy2",1,2.38095238095238
"712","Haemorrhagic fever","46~50","No","policy2",6,14.2857142857143
"713","Haemorrhagic fever","51~55","No","policy2",10,23.8095238095238
"714","Haemorrhagic fever","56~60","No","policy2",4,9.52380952380952
"715","Haemorrhagic fever","61~65","No","policy2",3,7.14285714285714
"716","Haemorrhagic fever","66~70","No","policy2",1,2.38095238095238
"717","Haemorrhagic fever","71~75","No","policy2",2,4.76190476190476
"718","Haemorrhagic fever","81~85","No","policy2",1,2.38095238095238
"719","Haemorrhagic fever","86+","No","policy2",1,2.38095238095238
"720","Haemorrhagic fever","6~10","No","policy3",2,0.371747211895911
"721","Haemorrhagic fever","11~15","No","policy3",2,0.371747211895911
"722","Haemorrhagic fever","16~20","No","policy3",11,2.04460966542751
"723","Haemorrhagic fever","21~25","No","policy3",22,4.08921933085502
"724","Haemorrhagic fever","26~30","No","policy3",31,5.76208178438662
"725","Haemorrhagic fever","31~35","No","policy3",33,6.13382899628253
"726","Haemorrhagic fever","36~40","No","policy3",40,7.43494423791822
"727","Haemorrhagic fever","41~45","No","policy3",42,7.80669144981413
"728","Haemorrhagic fever","46~50","No","policy3",75,13.9405204460967
"729","Haemorrhagic fever","51~55","No","policy3",80,14.8698884758364
"730","Haemorrhagic fever","56~60","No","policy3",55,10.2230483271375
"731","Haemorrhagic fever","61~65","No","policy3",66,12.2676579925651
"732","Haemorrhagic fever","66~70","No","policy3",25,4.64684014869888
"733","Haemorrhagic fever","71~75","No","policy3",20,3.71747211895911
"734","Haemorrhagic fever","76~80","No","policy3",16,2.97397769516729
"735","Haemorrhagic fever","81~85","No","policy3",12,2.23048327137546
"736","Haemorrhagic fever","86+","No","policy3",6,1.11524163568773
"737","Haemorrhagic fever","21~25","Yes","policy1",1,25
"738","Haemorrhagic fever","31~35","Yes","policy1",2,50
"739","Haemorrhagic fever","41~45","Yes","policy1",1,25
"740","Haemorrhagic fever","16~20","Yes","policy2",2,22.2222222222222
"741","Haemorrhagic fever","26~30","Yes","policy2",2,22.2222222222222
"742","Haemorrhagic fever","31~35","Yes","policy2",2,22.2222222222222
"743","Haemorrhagic fever","46~50","Yes","policy2",2,22.2222222222222
"744","Haemorrhagic fever","81~85","Yes","policy2",1,11.1111111111111
"745","Haemorrhagic fever","11~15","Yes","policy3",2,1.24223602484472
"746","Haemorrhagic fever","16~20","Yes","policy3",3,1.86335403726708
"747","Haemorrhagic fever","21~25","Yes","policy3",7,4.34782608695652
"748","Haemorrhagic fever","26~30","Yes","policy3",9,5.59006211180124
"749","Haemorrhagic fever","31~35","Yes","policy3",10,6.2111801242236
"750","Haemorrhagic fever","36~40","Yes","policy3",7,4.34782608695652
"751","Haemorrhagic fever","41~45","Yes","policy3",10,6.2111801242236
"752","Haemorrhagic fever","46~50","Yes","policy3",18,11.1801242236025
"753","Haemorrhagic fever","51~55","Yes","policy3",22,13.6645962732919
"754","Haemorrhagic fever","56~60","Yes","policy3",15,9.3167701863354
"755","Haemorrhagic fever","61~65","Yes","policy3",21,13.0434782608696
"756","Haemorrhagic fever","66~70","Yes","policy3",15,9.3167701863354
"757","Haemorrhagic fever","71~75","Yes","policy3",11,6.83229813664596
"758","Haemorrhagic fever","76~80","Yes","policy3",5,3.1055900621118
"759","Haemorrhagic fever","81~85","Yes","policy3",3,1.86335403726708
"760","Haemorrhagic fever","86+","Yes","policy3",3,1.86335403726708
"761","Malaria","16~20","No","policy1",2,3.84615384615385
"762","Malaria","21~25","No","policy1",2,3.84615384615385
"763","Malaria","26~30","No","policy1",8,15.3846153846154
"764","Malaria","31~35","No","policy1",6,11.5384615384615
"765","Malaria","36~40","No","policy1",6,11.5384615384615
"766","Malaria","41~45","No","policy1",7,13.4615384615385
"767","Malaria","46~50","No","policy1",10,19.2307692307692
"768","Malaria","51~55","No","policy1",5,9.61538461538462
"769","Malaria","56~60","No","policy1",1,1.92307692307692
"770","Malaria","61~65","No","policy1",4,7.69230769230769
"771","Malaria","71~75","No","policy1",1,1.92307692307692
"772","Malaria","26~30","No","policy2",3,13.0434782608696
"773","Malaria","31~35","No","policy2",5,21.7391304347826
"774","Malaria","36~40","No","policy2",3,13.0434782608696
"775","Malaria","41~45","No","policy2",3,13.0434782608696
"776","Malaria","46~50","No","policy2",5,21.7391304347826
"777","Malaria","51~55","No","policy2",2,8.69565217391304
"778","Malaria","61~65","No","policy2",2,8.69565217391304
"779","Malaria","1~5","No","policy3",1,0.288184438040346
"780","Malaria","6~10","No","policy3",1,0.288184438040346
"781","Malaria","11~15","No","policy3",2,0.576368876080692
"782","Malaria","16~20","No","policy3",5,1.44092219020173
"783","Malaria","21~25","No","policy3",27,7.78097982708934
"784","Malaria","26~30","No","policy3",37,10.6628242074928
"785","Malaria","31~35","No","policy3",46,13.2564841498559
"786","Malaria","36~40","No","policy3",46,13.2564841498559
"787","Malaria","41~45","No","policy3",56,16.1383285302594
"788","Malaria","46~50","No","policy3",58,16.7146974063401
"789","Malaria","51~55","No","policy3",46,13.2564841498559
"790","Malaria","56~60","No","policy3",13,3.7463976945245
"791","Malaria","61~65","No","policy3",8,2.30547550432277
"792","Malaria","66~70","No","policy3",1,0.288184438040346
"793","Malaria","31~35","Yes","policy1",1,14.2857142857143
"794","Malaria","36~40","Yes","policy1",1,14.2857142857143
"795","Malaria","41~45","Yes","policy1",2,28.5714285714286
"796","Malaria","46~50","Yes","policy1",1,14.2857142857143
"797","Malaria","51~55","Yes","policy1",1,14.2857142857143
"798","Malaria","56~60","Yes","policy1",1,14.2857142857143
"799","Malaria","46~50","Yes","policy2",1,50
"800","Malaria","51~55","Yes","policy2",1,50
"801","Malaria","21~25","Yes","policy3",1,4.34782608695652
"802","Malaria","26~30","Yes","policy3",5,21.7391304347826
"803","Malaria","31~35","Yes","policy3",3,13.0434782608696
"804","Malaria","36~40","Yes","policy3",2,8.69565217391304
"805","Malaria","41~45","Yes","policy3",3,13.0434782608696
"806","Malaria","46~50","Yes","policy3",4,17.3913043478261
"807","Malaria","51~55","Yes","policy3",2,8.69565217391304
"808","Malaria","56~60","Yes","policy3",2,8.69565217391304
"809","Malaria","61~65","Yes","policy3",1,4.34782608695652
"810","Brucellosis","26~30","No","policy1",2,6.45161290322581
"811","Brucellosis","31~35","No","policy1",1,3.2258064516129
"812","Brucellosis","36~40","No","policy1",1,3.2258064516129
"813","Brucellosis","41~45","No","policy1",6,19.3548387096774
"814","Brucellosis","46~50","No","policy1",6,19.3548387096774
"815","Brucellosis","51~55","No","policy1",7,22.5806451612903
"816","Brucellosis","56~60","No","policy1",1,3.2258064516129
"817","Brucellosis","61~65","No","policy1",3,9.67741935483871
"818","Brucellosis","66~70","No","policy1",2,6.45161290322581
"819","Brucellosis","76~80","No","policy1",1,3.2258064516129
"820","Brucellosis","81~85","No","policy1",1,3.2258064516129
"821","Brucellosis","26~30","No","policy2",1,6.25
"822","Brucellosis","31~35","No","policy2",1,6.25
"823","Brucellosis","41~45","No","policy2",1,6.25
"824","Brucellosis","46~50","No","policy2",5,31.25
"825","Brucellosis","51~55","No","policy2",3,18.75
"826","Brucellosis","56~60","No","policy2",3,18.75
"827","Brucellosis","61~65","No","policy2",2,12.5
"828","Brucellosis","1~5","No","policy3",3,1.57894736842105
"829","Brucellosis","6~10","No","policy3",1,0.526315789473684
"830","Brucellosis","21~25","No","policy3",4,2.10526315789474
"831","Brucellosis","26~30","No","policy3",6,3.15789473684211
"832","Brucellosis","31~35","No","policy3",11,5.78947368421053
"833","Brucellosis","36~40","No","policy3",22,11.5789473684211
"834","Brucellosis","41~45","No","policy3",12,6.31578947368421
"835","Brucellosis","46~50","No","policy3",29,15.2631578947368
"836","Brucellosis","51~55","No","policy3",28,14.7368421052632
"837","Brucellosis","56~60","No","policy3",26,13.6842105263158
"838","Brucellosis","61~65","No","policy3",21,11.0526315789474
"839","Brucellosis","66~70","No","policy3",13,6.8421052631579
"840","Brucellosis","71~75","No","policy3",5,2.63157894736842
"841","Brucellosis","76~80","No","policy3",6,3.15789473684211
"842","Brucellosis","81~85","No","policy3",3,1.57894736842105
"843","Brucellosis","6~10","Yes","policy1",1,16.6666666666667
"844","Brucellosis","41~45","Yes","policy1",1,16.6666666666667
"845","Brucellosis","51~55","Yes","policy1",1,16.6666666666667
"846","Brucellosis","56~60","Yes","policy1",1,16.6666666666667
"847","Brucellosis","61~65","Yes","policy1",1,16.6666666666667
"848","Brucellosis","66~70","Yes","policy1",1,16.6666666666667
"849","Brucellosis","41~45","Yes","policy2",1,14.2857142857143
"850","Brucellosis","46~50","Yes","policy2",3,42.8571428571429
"851","Brucellosis","51~55","Yes","policy2",1,14.2857142857143
"852","Brucellosis","56~60","Yes","policy2",1,14.2857142857143
"853","Brucellosis","66~70","Yes","policy2",1,14.2857142857143
"854","Brucellosis","<1","Yes","policy3",1,1.40845070422535
"855","Brucellosis","1~5","Yes","policy3",1,1.40845070422535
"856","Brucellosis","6~10","Yes","policy3",1,1.40845070422535
"857","Brucellosis","11~15","Yes","policy3",2,2.8169014084507
"858","Brucellosis","16~20","Yes","policy3",2,2.8169014084507
"859","Brucellosis","21~25","Yes","policy3",2,2.8169014084507
"860","Brucellosis","26~30","Yes","policy3",4,5.63380281690141
"861","Brucellosis","31~35","Yes","policy3",5,7.04225352112676
"862","Brucellosis","36~40","Yes","policy3",5,7.04225352112676
"863","Brucellosis","41~45","Yes","policy3",6,8.45070422535211
"864","Brucellosis","46~50","Yes","policy3",11,15.4929577464789
"865","Brucellosis","51~55","Yes","policy3",9,12.6760563380282
"866","Brucellosis","56~60","Yes","policy3",8,11.2676056338028
"867","Brucellosis","61~65","Yes","policy3",6,8.45070422535211
"868","Brucellosis","66~70","Yes","policy3",1,1.40845070422535
"869","Brucellosis","71~75","Yes","policy3",3,4.22535211267606
"870","Brucellosis","76~80","Yes","policy3",2,2.8169014084507
"871","Brucellosis","81~85","Yes","policy3",2,2.8169014084507
"872","SFTS","16~20","No","policy3",2,1.10497237569061
"873","SFTS","21~25","No","policy3",2,1.10497237569061
"874","SFTS","31~35","No","policy3",2,1.10497237569061
"875","SFTS","36~40","No","policy3",4,2.20994475138122
"876","SFTS","41~45","No","policy3",3,1.65745856353591
"877","SFTS","46~50","No","policy3",9,4.97237569060773
"878","SFTS","51~55","No","policy3",15,8.28729281767956
"879","SFTS","56~60","No","policy3",20,11.0497237569061
"880","SFTS","61~65","No","policy3",34,18.7845303867403
"881","SFTS","66~70","No","policy3",35,19.3370165745856
"882","SFTS","71~75","No","policy3",26,14.3646408839779
"883","SFTS","76~80","No","policy3",15,8.28729281767956
"884","SFTS","81~85","No","policy3",9,4.97237569060773
"885","SFTS","86+","No","policy3",5,2.76243093922652
"886","SFTS","61~65","Yes","policy1",1,100
"887","SFTS","61~65","Yes","policy2",1,100
"888","SFTS","1~5","Yes","policy3",1,1.25
"889","SFTS","31~35","Yes","policy3",1,1.25
"890","SFTS","36~40","Yes","policy3",1,1.25
"891","SFTS","41~45","Yes","policy3",3,3.75
"892","SFTS","46~50","Yes","policy3",6,7.5
"893","SFTS","51~55","Yes","policy3",5,6.25
"894","SFTS","56~60","Yes","policy3",9,11.25
"895","SFTS","61~65","Yes","policy3",7,8.75
"896","SFTS","66~70","Yes","policy3",14,17.5
"897","SFTS","71~75","Yes","policy3",15,18.75
"898","SFTS","76~80","Yes","policy3",11,13.75
"899","SFTS","81~85","Yes","policy3",6,7.5
"900","SFTS","86+","Yes","policy3",1,1.25
"901","Leptospirosis","11~15","No","policy3",1,1.92307692307692
"902","Leptospirosis","36~40","No","policy3",2,3.84615384615385
"903","Leptospirosis","46~50","No","policy3",4,7.69230769230769
"904","Leptospirosis","51~55","No","policy3",8,15.3846153846154
"905","Leptospirosis","56~60","No","policy3",7,13.4615384615385
"906","Leptospirosis","61~65","No","policy3",12,23.0769230769231
"907","Leptospirosis","66~70","No","policy3",9,17.3076923076923
"908","Leptospirosis","71~75","No","policy3",5,9.61538461538462
"909","Leptospirosis","76~80","No","policy3",3,5.76923076923077
"910","Leptospirosis","81~85","No","policy3",1,1.92307692307692
"911","Leptospirosis","31~35","Yes","policy3",1,1.78571428571429
"912","Leptospirosis","36~40","Yes","policy3",2,3.57142857142857
"913","Leptospirosis","41~45","Yes","policy3",2,3.57142857142857
"914","Leptospirosis","46~50","Yes","policy3",2,3.57142857142857
"915","Leptospirosis","51~55","Yes","policy3",6,10.7142857142857
"916","Leptospirosis","56~60","Yes","policy3",4,7.14285714285714
"917","Leptospirosis","61~65","Yes","policy3",12,21.4285714285714
"918","Leptospirosis","66~70","Yes","policy3",15,26.7857142857143
"919","Leptospirosis","71~75","Yes","policy3",9,16.0714285714286
"920","Leptospirosis","76~80","Yes","policy3",3,5.35714285714286
"921","Rabies","41~45","No","policy1",1,20
"922","Rabies","61~65","No","policy1",2,40
"923","Rabies","66~70","No","policy1",2,40
"924","Rabies","46~50","No","policy2",1,50
"925","Rabies","51~55","No","policy2",1,50
"926","Rabies","6~10","No","policy3",3,15.7894736842105
"927","Rabies","21~25","No","policy3",1,5.26315789473684
"928","Rabies","31~35","No","policy3",2,10.5263157894737
"929","Rabies","46~50","No","policy3",3,15.7894736842105
"930","Rabies","51~55","No","policy3",3,15.7894736842105
"931","Rabies","56~60","No","policy3",1,5.26315789473684
"932","Rabies","66~70","No","policy3",4,21.0526315789474
"933","Rabies","76~80","No","policy3",2,10.5263157894737
"934","Rabies","31~35","Yes","policy1",1,100
"935","Typhus","26~30","No","policy3",2,15.3846153846154
"936","Typhus","51~55","No","policy3",1,7.69230769230769
"937","Typhus","56~60","No","policy3",2,15.3846153846154
"938","Typhus","61~65","No","policy3",3,23.0769230769231
"939","Typhus","66~70","No","policy3",3,23.0769230769231
"940","Typhus","76~80","No","policy3",2,15.3846153846154
"941","Typhus","16~20","Yes","policy3",1,9.09090909090909
"942","Typhus","56~60","Yes","policy3",3,27.2727272727273
"943","Typhus","61~65","Yes","policy3",2,18.1818181818182
"944","Typhus","66~70","Yes","policy3",4,36.3636363636364
"945","Typhus","71~75","Yes","policy3",1,9.09090909090909
"946","Influenza","<1","No","policy1",6000,3.98443414394432
"947","Influenza","1~5","No","policy1",49949,33.1697501759792
"948","Influenza","6~10","No","policy1",17939,11.9127940180362
"949","Influenza","11~15","No","policy1",5969,3.96384790086728
"950","Influenza","16~20","No","policy1",4022,2.67089902115735
"951","Influenza","21~25","No","policy1",6666,4.42670633392214
"952","Influenza","26~30","No","policy1",10276,6.82400754386198
"953","Influenza","31~35","No","policy1",8405,5.58152816330867
"954","Influenza","36~40","No","policy1",6115,4.06080246503659
"955","Influenza","41~45","No","policy1",4693,3.11649157292179
"956","Influenza","46~50","No","policy1",5350,3.55278711168369
"957","Influenza","51~55","No","policy1",6022,3.99904373580545
"958","Influenza","56~60","No","policy1",4633,3.07664723148234
"959","Influenza","61~65","No","policy1",4679,3.10719455991925
"960","Influenza","66~70","No","policy1",3323,2.20671244338783
"961","Influenza","71~75","No","policy1",2145,1.4244352064601
"962","Influenza","76~80","No","policy1",1697,1.12693079037892
"963","Influenza","81~85","No","policy1",1628,1.08110979772356
"964","Influenza","86+","No","policy1",1075,0.713877784123358
"965","Influenza","<1","No","policy2",1725,2.96478352783459
"966","Influenza","1~5","No","policy2",18435,31.6845126583366
"967","Influenza","6~10","No","policy2",13713,23.5687400099685
"968","Influenza","11~15","No","policy2",5020,8.62794974477081
"969","Influenza","16~20","No","policy2",2025,3.48039805441452
"970","Influenza","21~25","No","policy2",2220,3.81554749669147
"971","Influenza","26~30","No","policy2",3074,5.28333018235567
"972","Influenza","31~35","No","policy2",2598,4.46522180018218
"973","Influenza","36~40","No","policy2",1631,2.80322430950621
"974","Influenza","41~45","No","policy2",1076,1.84933743533334
"975","Influenza","46~50","No","policy2",1167,2.00574050839592
"976","Influenza","51~55","No","policy2",1210,2.07964525720571
"977","Influenza","56~60","No","policy2",1043,1.79261983740955
"978","Influenza","61~65","No","policy2",1035,1.77887011670075
"979","Influenza","66~70","No","policy2",715,1.22888128834883
"980","Influenza","71~75","No","policy2",495,0.850763968856883
"981","Influenza","76~80","No","policy2",353,0.606706426275716
"982","Influenza","81~85","No","policy2",400,0.687486035439905
"983","Influenza","86+","No","policy2",248,0.426241341972741
"984","Influenza","<1","No","policy3",2661,2.82547064632243
"985","Influenza","1~5","No","policy3",24624,26.1459561048641
"986","Influenza","6~10","No","policy3",20776,22.0601195595621
"987","Influenza","11~15","No","policy3",6547,6.95165588931715
"988","Influenza","16~20","No","policy3",3513,3.73013092090593
"989","Influenza","21~25","No","policy3",5068,5.38124210280423
"990","Influenza","26~30","No","policy3",8154,8.6579810785844
"991","Influenza","31~35","No","policy3",6341,6.7329234755094
"992","Influenza","36~40","No","policy3",2997,3.18223807855254
"993","Influenza","41~45","No","policy3",1673,1.77640450631245
"994","Influenza","46~50","No","policy3",1759,1.86771998003801
"995","Influenza","51~55","No","policy3",2130,2.26165068645876
"996","Influenza","56~60","No","policy3",1827,1.93992291275125
"997","Influenza","61~65","No","policy3",1803,1.91443952473481
"998","Influenza","66~70","No","policy3",1362,1.44618226993279
"999","Influenza","71~75","No","policy3",956,1.0150882893214
"1000","Influenza","76~80","No","policy3",747,0.793170452011595
"1001","Influenza","81~85","No","policy3",735,0.780428758003377
"1002","Influenza","86+","No","policy3",506,0.537274764013209
"1003","Influenza","<1","Yes","policy1",1101,3.86831564893542
"1004","Influenza","1~5","Yes","policy1",8629,30.3176164710843
"1005","Influenza","6~10","Yes","policy1",3021,10.6141522029372
"1006","Influenza","11~15","Yes","policy1",959,3.36940482046237
"1007","Influenza","16~20","Yes","policy1",919,3.22886655892067
"1008","Influenza","21~25","Yes","policy1",1841,6.46827348745696
"1009","Influenza","26~30","Yes","policy1",3098,10.884688356405
"1010","Influenza","31~35","Yes","policy1",2616,9.19120230482749
"1011","Influenza","36~40","Yes","policy1",1319,4.63424917433771
"1012","Influenza","41~45","Yes","policy1",693,2.43482538121003
"1013","Influenza","46~50","Yes","policy1",718,2.5226617946736
"1014","Influenza","51~55","Yes","policy1",828,2.90914201391329
"1015","Influenza","56~60","Yes","policy1",696,2.44536575082566
"1016","Influenza","61~65","Yes","policy1",618,2.17131614081934
"1017","Influenza","66~70","Yes","policy1",542,1.9042934438901
"1018","Influenza","71~75","Yes","policy1",332,1.16646757079615
"1019","Influenza","76~80","Yes","policy1",196,0.688637481554353
"1020","Influenza","81~85","Yes","policy1",178,0.625395263860586
"1021","Influenza","86+","Yes","policy1",158,0.555126133089734
"1022","Influenza","<1","Yes","policy2",38,4.83460559796438
"1023","Influenza","1~5","Yes","policy2",202,25.6997455470738
"1024","Influenza","6~10","Yes","policy2",49,6.23409669211196
"1025","Influenza","11~15","Yes","policy2",35,4.4529262086514
"1026","Influenza","16~20","Yes","policy2",38,4.83460559796438
"1027","Influenza","21~25","Yes","policy2",25,3.18066157760814
"1028","Influenza","26~30","Yes","policy2",44,5.59796437659033
"1029","Influenza","31~35","Yes","policy2",33,4.19847328244275
"1030","Influenza","36~40","Yes","policy2",28,3.56234096692112
"1031","Influenza","41~45","Yes","policy2",17,2.16284987277354
"1032","Influenza","46~50","Yes","policy2",30,3.81679389312977
"1033","Influenza","51~55","Yes","policy2",31,3.9440203562341
"1034","Influenza","56~60","Yes","policy2",27,3.43511450381679
"1035","Influenza","61~65","Yes","policy2",34,4.32569974554707
"1036","Influenza","66~70","Yes","policy2",34,4.32569974554707
"1037","Influenza","71~75","Yes","policy2",35,4.4529262086514
"1038","Influenza","76~80","Yes","policy2",27,3.43511450381679
"1039","Influenza","81~85","Yes","policy2",25,3.18066157760814
"1040","Influenza","86+","Yes","policy2",34,4.32569974554707
"1041","Influenza","<1","Yes","policy3",215,4.34958527210196
"1042","Influenza","1~5","Yes","policy3",1827,36.9613594982804
"1043","Influenza","6~10","Yes","policy3",599,12.1181468743678
"1044","Influenza","11~15","Yes","policy3",320,6.47380133522153
"1045","Influenza","16~20","Yes","policy3",185,3.74266639692494
"1046","Influenza","21~25","Yes","policy3",130,2.62998179243374
"1047","Influenza","26~30","Yes","policy3",165,3.3380538134736
"1048","Influenza","31~35","Yes","policy3",162,3.2773619259559
"1049","Influenza","36~40","Yes","policy3",122,2.46813675905321
"1050","Influenza","41~45","Yes","policy3",94,1.90167914222132
"1051","Influenza","46~50","Yes","policy3",120,2.42767550070807
"1052","Influenza","51~55","Yes","policy3",116,2.3467529840178
"1053","Influenza","56~60","Yes","policy3",101,2.04329354642929
"1054","Influenza","61~65","Yes","policy3",159,3.2166700384382
"1055","Influenza","66~70","Yes","policy3",153,3.09528626340279
"1056","Influenza","71~75","Yes","policy3",156,3.15597815092049
"1057","Influenza","76~80","Yes","policy3",100,2.02306291725673
"1058","Influenza","81~85","Yes","policy3",121,2.44790612988064
"1059","Influenza","86+","Yes","policy3",98,1.98260165891159
"1060","Scarlet fever","<1","No","policy1",2,0.591715976331361
"1061","Scarlet fever","1~5","No","policy1",182,53.8461538461538
"1062","Scarlet fever","6~10","No","policy1",145,42.8994082840237
"1063","Scarlet fever","11~15","No","policy1",8,2.36686390532544
"1064","Scarlet fever","56~60","No","policy1",1,0.29585798816568
"1065","Scarlet fever","<1","No","policy2",1,0.371747211895911
"1066","Scarlet fever","1~5","No","policy2",131,48.6988847583643
"1067","Scarlet fever","6~10","No","policy2",128,47.5836431226766
"1068","Scarlet fever","11~15","No","policy2",8,2.97397769516729
"1069","Scarlet fever","21~25","No","policy2",1,0.371747211895911
"1070","Scarlet fever","<1","No","policy3",22,0.517038777908343
"1071","Scarlet fever","1~5","No","policy3",2065,48.5311398354877
"1072","Scarlet fever","6~10","No","policy3",2023,47.5440658049354
"1073","Scarlet fever","11~15","No","policy3",109,2.56169212690952
"1074","Scarlet fever","16~20","No","policy3",11,0.258519388954172
"1075","Scarlet fever","21~25","No","policy3",8,0.188014101057579
"1076","Scarlet fever","26~30","No","policy3",5,0.117508813160987
"1077","Scarlet fever","31~35","No","policy3",4,0.0940070505287897
"1078","Scarlet fever","36~40","No","policy3",2,0.0470035252643948
"1079","Scarlet fever","41~45","No","policy3",2,0.0470035252643948
"1080","Scarlet fever","46~50","No","policy3",3,0.0705052878965922
"1081","Scarlet fever","61~65","No","policy3",1,0.0235017626321974
"1082","Scarlet fever","1~5","Yes","policy1",20,58.8235294117647
"1083","Scarlet fever","6~10","Yes","policy1",12,35.2941176470588
"1084","Scarlet fever","16~20","Yes","policy1",1,2.94117647058824
"1085","Scarlet fever","36~40","Yes","policy1",1,2.94117647058824
"1086","Scarlet fever","1~5","Yes","policy2",16,72.7272727272727
"1087","Scarlet fever","6~10","Yes","policy2",3,13.6363636363636
"1088","Scarlet fever","11~15","Yes","policy2",2,9.09090909090909
"1089","Scarlet fever","31~35","Yes","policy2",1,4.54545454545455
"1090","Scarlet fever","<1","Yes","policy3",3,1.12781954887218
"1091","Scarlet fever","1~5","Yes","policy3",135,50.7518796992481
"1092","Scarlet fever","6~10","Yes","policy3",107,40.2255639097744
"1093","Scarlet fever","11~15","Yes","policy3",13,4.88721804511278
"1094","Scarlet fever","16~20","Yes","policy3",3,1.12781954887218
"1095","Scarlet fever","21~25","Yes","policy3",2,0.75187969924812
"1096","Scarlet fever","26~30","Yes","policy3",1,0.37593984962406
"1097","Scarlet fever","41~45","Yes","policy3",1,0.37593984962406
"1098","Scarlet fever","51~55","Yes","policy3",1,0.37593984962406
